Workbook

Sheet Transactions
A1: Order ID | B1: Order Date | C1: Customer | D1: Region | E1: Product ID | F1: Quantity | G1: Unit Price | H1: Discount % | I1: Sales | J1: Channel | K1: Email
A2: ORD-1001 | B2: 46043 | C2: Aarav Shah | D2: North | E2: P1002 | F2: 8 | G2: 32 | H2: 0.1 | I2: =F2*G2*(1-H2) | J2: Phone | K2: aarav.shah@example.com
A3: ORD-1002 | B3: 46036 | C3: Ishaan Das | D3: West | E3: P1008 | F3: 6 | G3: 54 | H3: 0.1 | I3: =F3*G3*(1-H3) | J3: Online | K3: ishaan.das@example.com
A4: ORD-1003 | B4: 46160 | C4: Nisha Reddy | D4: South | E4: P1007 | F4: 2 | G4: 24 | H4: 0.05 | I4: =F4*G4*(1-H4) | J4: Retail | K4: nisha.reddy@example.com
A5: ORD-1004 | B5: 46234 | C5: Ishaan Das | D5: West | E5: P1006 | F5: 2 | G5: 28 | H5: 0.1 | I5: =F5*G5*(1-H5) | J5: Phone | K5: ishaan.das@example.com
A6: ORD-1005 | B6: 46074 | C6: Aarav Shah | D6: North | E6: P1002 | F6: 4 | G6: 32 | H6: 0.1 | I6: =F6*G6*(1-H6) | J6: Phone | K6: aarav.shah@example.com
A7: ORD-1006 | B7: 46288 | C7: Nisha Reddy | D7: South | E7: P1006 | F7: 8 | G7: 28 | H7: 0.05 | I7: =F7*G7*(1-H7) | J7: Phone | K7: nisha.reddy@example.com
A8: ORD-1007 | B8: 46180 | C8: Anaya Patel | D8: South | E8: P1006 | F8: 4 | G8: 28 | H8: 0.15 | I8: =F8*G8*(1-H8) | J8: Online | K8: anaya.patel@example.com
A9: ORD-1008 | B9: 46184 | C9: Meera Iyer | D9: West | E9: P1004 | F9: 2 | G9: 7.5 | H9: 0.1 | I9: =F9*G9*(1-H9) | J9: Retail | K9: meera.iyer@example.com
A10: ORD-1009 | B10: 46292 | C10: Aarav Shah | D10: North | E10: P1004 | F10: 3 | G10: 7.5 | H10: 0.05 | I10: =F10*G10*(1-H10) | J10: Online | K10: aarav.shah@example.com
A11: ORD-1010 | B11: 46216 | C11: Rohan Singh | D11: West | E11: P1001 | F11: 6 | G11: 18.5 | H11: 0.1 | I11: =F11*G11*(1-H11) | J11: Retail | K11: rohan.singh@example.com
A12: ORD-1011 | B12: 46119 | C12: Rohan Singh | D12: West | E12: P1003 | F12: 8 | G12: 145 | H12: 0 | I12: =F12*G12*(1-H12) | J12: Online | K12: rohan.singh@example.com
A13: ORD-1012 | B13: 46253 | C13: Sara Khan | D13: West | E13: P1008 | F13: 4 | G13: 54 | H13: 0 | I13: =F13*G13*(1-H13) | J13: Online | K13: sara.khan@example.com
... A31: ORD-1030 | B31: 46041 | C31: Kabir Nair | D31: East | E31: P1002 | F31: 4 | G31: 32 | H31: 0.05 | I31: =F31*G31*(1-H31) | J31: Retail | K31: kabir.nair@example.com

Sheet Product Reference
A1: Product ID | B1: Product Name | C1: Category | D1: List Price
A2: P1001 | B2: Wireless Mouse | C2: Accessories | D2: 18.5
A3: P1002 | B3: USB-C Hub | C3: Accessories | D3: 32
A4: P1003 | B4: Office Chair | C4: Furniture | D4: 145
A5: P1004 | B5: Notebook Pack | C5: Stationery | D5: 7.5
A6: P1005 | B6: Monitor 24-inch | C6: Electronics | D6: 189
A7: P1006 | B7: Desk Lamp | C7: Furniture | D7: 28
A8: P1007 | B8: Keyboard | C8: Accessories | D8: 24
A9: P1008 | B9: Webcam HD | C9: Electronics | D9: 54

Sheet Formula Practice
A1: Function / skill | B1: Input / example | C1: Formula to enter or review | D1: Expected result / what to check | E1: When to use | G1: Live formula playground
A2: VLOOKUP | B2: Product ID in B2 (P1003) | C2: =VLOOKUP(B2,'Product Reference'!$A$2:$D$9,2,FALSE) | D2: Office Chair | E2: Find a value in the first column of a table; exact match recommended. | G2: Product ID | H2: P1003
A3: XLOOKUP | B3: Product ID in B3 (P1005) | C3: =XLOOKUP(B3,'Product Reference'!$A$2:$A$9,'Product Reference'!$B$2:$B$9,"Not found") | D3: Monitor 24-inch | E3: Modern lookup; can return from either direction and has a not-found result. | G3: VLOOKUP product | H3: =IFERROR(VLOOKUP(H2,'Product Reference'!$A$2:$D$9,2,FALSE),"Not found")
A4: IF | B4: Sales value in B4 (250) | C4: =IF(B4>=200,"High value","Standard") | D4: High value | E4: Return one result when a condition is true and another when false. | G4: XLOOKUP product | H4: =XLOOKUP(H2,'Product Reference'!$A$2:$A$9,'Product Reference'!$B$2:$B$9,"Not found")
A5: SUMIFS | B5: Sum Sales for South region and Online channel | C5: =SUMIFS(Transactions!$I$2:$I$31,Transactions!$D$2:$D$31,"South",Transactions!$J$2:$J$31,"Online") | D5: Calculated total | E5: Sum values that meet multiple criteria. | G5: Sales threshold | H5: 200
A6: COUNTIFS | B6: Count transactions in South region and Online channel | C6: =COUNTIFS(Transactions!$D$2:$D$31,"South",Transactions!$J$2:$J$31,"Online") | D6: Calculated count | E6: Count rows that meet multiple criteria. | G6: IF label | H6: =IF(H5>=200,"High value","Standard")
A7: LEFT | B7: Order ID ORD-1001 in B7 | C7: =LEFT(B7,3) | D7: ORD | E7: Extract characters from the left side of text. | G7: Region | H7: South
A8: RIGHT | B8: Email in B8 | C8: =RIGHT(B8,11) | D8: example.com | E8: Extract characters from the right side of text. | G8: Channel | H8: Online
A9: MID | B9: Order ID ORD-1001 in B9 | C9: =MID(B9,5,4) | D9: 1001 | E9: Extract text from a specified position. | G9: SUMIFS sales | H9: =SUMIFS(Transactions!$I$2:$I$31,Transactions!$D$2:$D$31,H7,Transactions!$J$2:$J$31,H8)
A10: TRIM | B10: Text with extra spaces in B10 | C10: =TRIM(B10) | D10: Manasa Rao | E10: Remove leading, trailing, and repeated spaces. | G10: COUNTIFS rows | H10: =COUNTIFS(Transactions!$D$2:$D$31,H7,Transactions!$J$2:$J$31,H8)
A11: CONCAT | B11: First and last name in B11 and C11 | C11: =CONCAT(B11," ",C11) | D11: Manasa Rao | E11: Join text values together. | G11: Text sample | H11: Manasa Rao
A12: IFERROR | B12: Lookup a missing ID in B12 | C12: =IFERROR(VLOOKUP(B12,'Product Reference'!$A$2:$D$9,2,FALSE),"Product not found") | D12: Product not found | E12: Show a helpful result instead of a formula error. | G12: TRIM result | H12: =TRIM(H11)
A13: INDEX/MATCH | B13: Product ID in B13 (P1007) | C13: =INDEX('Product Reference'!$B$2:$B$9,MATCH(B13,'Product Reference'!$A$2:$A$9,0)) | D13: Keyboard | E13: Flexible lookup alternative, useful in older Excel versions. | G13: Order ID | H13: ORD-1007
G14: MID result | H14: =MID(H13,5,4)
A15: Compatibility note | B15: XLOOKUP requires a modern Excel version (Microsoft 365 / Excel 2021+). If unavailable, use INDEX/MATCH or VLOOKUP. | G15: Missing Product ID | H15: P9999
G16: IFERROR lookup | H16: =IFERROR(VLOOKUP(H15,'Product Reference'!$A$2:$D$9,2,FALSE),"Product not found")
G18: Edge-case tests
G19: Blank input | H19: =IF(H20="","Blank input detected","Value provided")
G21: Text vs number | H21: 1001 (text)
G22: Tip | H22: If lookup fails, check spaces and data types.

Sheet Interview Notes
A1: Question | B1: Short answer
A2: What's the difference between SUMIF and SUMIFS? | B2: SUMIF applies one criterion; SUMIFS supports multiple criteria. In SUMIFS, the sum range is the first argument.
A3: How does XLOOKUP improve on VLOOKUP? | B3: XLOOKUP can look left or right, uses separate lookup and return arrays, supports a built-in not-found result, and defaults to exact match. It is not available in some older Excel versions.
A4: When would you use INDEX/MATCH instead of VLOOKUP? | B4: INDEX/MATCH can return values from columns to the left or right and works in older Excel versions. It can also be less fragile when columns are inserted into a table.
A5: What are common formula edge cases? | B5: Missing lookup keys, extra spaces, blank cells, numbers stored as text, duplicate keys, and ranges that do not align. Test these deliberately.
